,Type,Name,Qty,MRP,Price
0,oil,Fortune Soya Health Refined Soyabean Oil (Pouch),1 l,130,110
1,oil,Grofers Mother's Choice Refined Soyabean Oil (Pouch),1 l,120,105
2,oil,Fortune Premium Kachi Ghani Pure Mustard Oil (Bottle),1 l,155,125
3,oil,Grofers Mother's Choice Kachi Ghani Mustard Oil (Bottle),1 l,145,114
4,oil,Grofers Mother's Choice Kachi Ghani Mustard Oil (Pouch),1 l,141,108
5,oil,Nature Fresh Kachi Ghani Pure Mustard Oil (Bottle),1 l,150,122
6,oil,Fortune Premium Kachi Ghani Pure Mustard Oil (Pouch),1 l,151,123
7,oil,Fortune Sunlite Refined Sunflower Oil (Pouch),1l,142,122
8,oil,Grofers Mother's Choice Refined Sunflower Oil (Pouch),1 l,120,117
9,oil,Parachute Coconut Oil - Free 100 ml Pack - Brand Offer,600ml + 100ml,250,250
10,oil,Pansari Sesame Oil/Til Oil (Bottle),1 l,180,128
11,oil,Pansari Kachi Ghani Mustard Oil,1 l,145,111
12,oil,Nature Fresh Acti Lite Refined Soyabean Oil (Pouch),1 l,125,106
13,oil,Fortune Health Refined Rice Bran Oil (Pouch),1 l,130,130
14,oil,Grofers Mother's Choice Rice Bran Oil (Pouch),1 l,125,104
15,oil,Bajaj Almond Drops Hair Oil,500 ml,280,252
16,oil,Saffola Gold Pro Healthy Lifestyle Blended Cooking Oil (Pouch),1 l,159,149
17,oil,Patanjali Mustard Oil (Bottle),1 l,130,130
18,oil,Dhara Mustard Oil (Bottle),1 l,155,124
19,oil,Emami Healthy & Tasty Kachi Ghani Mustard Oil (Bottle),1 l,155,122
20,oil,Emami Healthy & Tasty Refined Rice Bran Oil (Pouch),1 l,125,118
21,oil,Grofers Mother's Choice Kachi Ghani Mustard Oil (Jar),5 l,720,561
22,oil,Sweekar Refined Sunflower Oil (Pouch),1 l,132,110
23,oil,Emami Healthy & Tasty Refined Soyabean Oil (Pouch),1 l,125,106
24,oil,Saffola Active Pro Weight Watchers Blended Cooking Oil (Pouch),1 l,145,135
25,oil,Parachute Pure Coconut Oil (Bottle),300 ml,122,122
26,oil,Patanjali Kachi Ghani Pure Mustard Oil (Jar),5 l,650,650
27,oil,Dabur Amla Hair Oil,450 ml,199,188
28,oil,Grofers Mother's Choice Rice Bran Oil (Jar),5 l,725,544
29,oil,O'range Coconut Oil (Bottle),500 ml,219,130
30,oil,Fortune Soya Health Refined Soyabean Oil (Jar),5 l,680,579
31,oil,Indulekha Bringha Hair Oil,100 ml,432,388
32,oil,Oleev Pomace Olive Oil (Bottle),1 l,899,299
33,oil,Borges Extra Light Olive Oil (Bottle),2 l,2600,1061
34,oil,Fortune Goldnut Refined Groundnut Oil (Pouch),1 l,170,161
35,oil,Raag Gold Palmolein Oil (Pouch),1 l,115,85
36,oil,Nihar Naturals Shanti Amla Hair Oil,500 ml,155,148
37,oil,Leonardo Pomace Olive Oil (Tin),5 l,4699,1750
38,oil,Parachute Advansed Gold Coconut Hair Oil,400 ml,200,180
39,oil,Oleev Pomace Olive Oil (Tin),5 l,3999,1458
40,oil,Grofers Panch Deepam Pooja Oil,1 l,179,149
41,oil,Saffola Gold Pro Healthy Lifestyle Blended Cooking Oil (Jar),2 l,325,325
42,oil,Borges Refined Canola Oil (Bottle),1 l,399,215
43,oil,"Dabur Almond with Almond, Vitamin E and Soya Protein Hair Oil",500 ml,280,252
44,oil,Borges Classic Olive Oil (Bottle),1 l,1350,826
45,oil,Leonardo Extra Light Olive Oil,2 l,2599,826
46,oil,King's Refined Soyabean Oil (Pouch),1 l,120,98
47,oil,Navratna Garam Ayurvedic Hair Oil,200 ml,125,125
48,cereal,Grofers Happy Day Crunchy Choco Cereal,1.2 kg,455,329
49,cereal,Nestle NesPlus Crunchy Granola Nutty Honey Cereal,235 g,170,170
50,cereal,Soulfull Ragi Bites Choco Poco Cereal,1.2 kg,490,417
51,cereal,Nestle NesPlus Crunchy Flakes Corn & Oats Cereal,475 g,180,180
52,cereal,Grofers Happy Day Crunchy Almond & Raisin Muesli (Carton),500 g,300,234
53,cereal,Grofers Happy Day Crunchy Peanut Butter,340 g,159,128
54,cereal,Grofers Happy Day Crunchy Fruit & Nut Muesli (Carton),500 g,300,274
55,cereal,Fun Foods Creamy Peanut Butter,925 g,275,275
56,cereal,Nestle Ceregrow Multigrain With Milk & Fruits Junior Cereal (2-5 years),300 g,277,277
57,cereal,Nestle Cerelac Multigrain & Fruits Baby Cereal (12 months+),300 g,257,257
58,cereal,Nestle Cerelac 5 Grains & Fruits Baby Cereal (18 to 24 months),300 g,267,267
59,cereal,Nestle Cerelac Wheat Rice Mixed Fruit Baby Cereal (10 months+),300 g,242,242
60,cereal,Nestle Cerelac Wheat Apple Cherry Baby Cereal (8 months+),300 g,220,220
61,cereal,Nestle Cerelac Multigrain Dal Veg Baby Cereal (12 months+),300 g,257,257
62,cereal,Nestle Cerelac Wheat Rice Mixed Veg Baby Cereal (10 months+),300 g,246,246
63,cereal,Nestle Cerelac Rice Stage 1 Fortified Baby Cereal (6 months+),300 g,190,190
64,cereal,Nestle Cerelac 5 Grains & Vegetables Baby Cereal (18 to 24 months),300 g,267,267
65,cereal,Nestle Cerelac Wheat Apple Baby Cereal (6 months+),300 g,190,190
66,cereal,Soulfull Choco Fills + Vanilla Fills + Strawberry Fills Ragi Bites Cereal Combo - Brand Offer,6x30 g,99,99
67,cereal,Grofers Happy Day Instant Wheat Porridge,450 g,125,109
68,cereal,"Bagrry's Crunchy Almonds, Raisins & Honey Muesli (Jar)",1 kg,575,575
69,cereal,Soulfull Crunchy Millet Muesli,700 g,449,399
70,cereal,Soulfull Fruit & Nut Muesli,700 g,499,450
71,cereal,Grofers Happy Day Crunchy Fruit & Nut Muesli,75 g,50,39
72,cereal,Grofers Happy Day Crunchy No Added Sugar Muesli,75 g,50,39
73,cereal,Grofers Happy Day Crunchy Almond & Raisin Muesli,75 g,50,39
74,rice,India Gate Dubar Basmati Rice,5 kg,610,530
75,rice,Grofers Mother's Choice Dubar Basmati Rice,5 kg,605,317
76,rice,Kohinoor Charminar Rozana Basmati Rice,5 kg,515,364
77,rice,Kohinoor Charminar Long Grains Regular Rice,5 kg,499,328
78,rice,Kohinoor Charminar Everyday Basmati Rice,5 kg,445,340
79,rice,Daawat Rozana Super Basmati Rice,5 kg,435,349
80,rice,Grofers Mother's Choice Everyday/Rozana Basmati Rice,5 kg,490,314
81,rice,Family Farm Broken Mogra Basmati Rice,10 kg,650,338
82,rice,India Gate Feast Rozzana Basmati Rice,5 kg,485,416
83,rice,Fortune Everyday Hamesha Basmati Rice,5 kg,425,321
84,rice,Fortune Health Refined Rice Bran Oil (Pouch),1 l,130,130
85,rice,Grofers Mother's Choice Rice Bran Oil (Pouch),1 l,125,104
86,rice,Emami Healthy & Tasty Refined Rice Bran Oil (Pouch),1 l,125,118
87,rice,Pansari Mahak Mogra Basmati Rice,10 kg,620,407
88,rice,Grofers Mother's Choice Steam Sonamasuri Rice,5 kg,390,236
89,rice,India Gate Broken Mogra Basmati Rice,10 kg,735,677
90,rice,India Gate Super Basmati Rice,5 kg,850,653
91,rice,Grofers Mother's Choice Long Grain Regular Rice,5 kg,490,243
92,rice,Daawat Devaaya Basmati Rice,5 kg,545,456
93,rice,Family Farm Long Grain Regular Rice,5 kg,400,213
94,rice,Daawat Rozana Gold Basmati Rice,5 kg,495,398
95,rice,Daawat Super Basmati Rice,1 kg,165,147
96,rice,Grofers Mother's Choice Brown Basmati Rice,1 kg,135,86
97,rice,Grofers Mother's Choice Rice Bran Oil (Jar),5 l,725,544
98,rice,India Gate Mini Broken Mogra Basmati Rice,10 kg,535,508
99,rice,Family Farm Classic Basmati Rice,1 kg,150,74
100,rice,Fortune Rozana Basmati Rice,1 kg,130,69
101,rice,Daawat Rozana Mini Mogra Basmati Rice,10 kg,525,450
102,rice,Pansari Tasty Basmati Rice,10 kg,900,617
103,rice,Daawat Brown Basmati Rice (Jar),1 kg,165,158
104,rice,Pansari Signature Basmati Rice,5 kg,1195,658
105,rice,India Gate Regular Choice Basmati Rice,5 kg,445,382
106,rice,Grofers Mother's Choice Pulav Basmati Rice,1 kg,130,91
107,rice,India Gate Feast Rozana Basmati Rice,10 kg,860,780
108,rice,Grofers Mother's Choice Rice Flour,500 g,40,35
109,rice,India Gate Classic Basmati Rice,1 kg,216,196
110,rice,Fortune Everyday Full Grains Basmati Rice,1 kg,149,83
111,rice,Grofers Mother's Choice Mini Mogra Basmati Rice,5 kg,350,239
112,rice,Grofers Mother's Choice Tibar Basmati Rice,1 kg,125,78
113,rice,Grofers Mother's Choice Parmal Rice,1 kg,80,42
114,rice,Family Farm Everyday/Rozana Basmati Rice,5 kg,400,258
115,rice,Grofers Mother's Choice Mogra Basmati Rice,5 kg,375,262
116,rice,India Gate 12 Min Active Health Special Brown Basmati Rice,1 kg,165,153
117,rice,Grofers Mother's Choice Golden Sella Basmati Rice,1 kg,175,95
118,rice,India Gate Mini II Mogra Basmati Rice,10 kg,390,390
119,rice,Bemisal Mother's Choice Broken Mogra Basmati Rice,1 kg,176,63
120,rice,India Gate Tibar Basmati Rice,1 kg,130,119
121,rice,Daawat Rozana Mogra Basmati Rice,10 kg,711,573
122,dal,Family Farm Arhar Dal/Toor Dal,1 kg,140,118
123,dal,Family Farm Chana Dal,1 kg,120,85
124,dal,Grofers Mother's Choice Mix Dal,500 g,90,76
125,dal,Grofers Mother's Choice Unpolished Red Masoor Dal,500 g,70,59
126,dal,Tata Sampann Unpolished Arhar Dal/Toor Dal,1 kg,149,142
127,dal,Grofers Mother's Choice Unpolished Arhar Dal/Toor Dal,1 kg,150,128
128,dal,Tata Sampann Chana Dal,500 g,63,53
129,dal,Grofers Mother's Choice Unpolished Chana Dal,500 g,70,45
130,dal,Rajdhani Chana Dal,1 kg,99,83
131,dal,Grofers Mother's Choice Unpolished Sabut/Whole Moth Dal,500 g,80,73
132,dal,Tata Sampann High Protein Arhar Dal/Toor Dal,5 kg,725,655
133,dal,Family Farm Moong Dal (Dhuli),1 kg,180,148
134,dal,Grofers Mother's Choice Unpolished Yellow Moong Dal (Dhuli),500 g,90,72
135,dal,Grofers Mother's Choice Unpolished Green Moong Dal (Chilka),1 kg,180,160
136,dal,Grofers Mother's Choice Unpolished Split White Urad Dal (Dhuli),500 g,80,73
137,dal,Tata Sampann Unpolished Yellow Moong Dal (Dhuli),1 kg,190,185
138,dal,Tata Sampann Split Unpolished Green Moong Dal (Chilka),500 g,96,96
139,dal,Family Farm Urad Dal (Chilka),1 kg,140,129
140,dal,Family Farm Urad Dal (Dhuli),1 kg,180,128
141,dal,Tata Sampann Tadka Dal Masala,100 g,70,69
142,dal,Family Farm Kabuli Chana,1 kg,120,96
143,dal,Family Farm Kala Chana/Brown Chana,1 kg,120,79
144,dal,Grofers Mother's Choice Kala Chana/Brown Chana,500g,70,45
145,dal,Grofers Mother's Choice Kabuli Chana,500 g,95,56
146,dal,Grofers Mother's Choice White Lobiya,500 g,70,66
147,dal,Haldiram's Moong Dal Namkeen,200 g,51,51
148,dal,Grofers Happy Day Moong Dal Namkeen,200 g,49,47
149,dal,Tata Sampann Kala Chana,1 kg,125,99
150,dal,Tata Sampann Kabuli Chana,1 kg,150,133
151,dal,Grofers Mother's Choice Red Lobiya,500 g,70,69
152,dal,Grofers Mother's Choice Everyday/Rozana Basmati Rice + Sharbati Atta + Unpolished Arhar Dal/Toor Dal Combo,5kg + 5kg + 1kg,915,599
153,dal,Grofers Happy Day Crunchy Peanut Butter,340 g,159,128
154,dal,Grofers Happy Day Moong Dal Namkeen - Pack of 2,2x35 g,20,16
155,dal,Fun Foods Creamy Peanut Butter,925 g,275,275
156,dal,Grofers Mother's Choice Green Chana,500 g,120,56
157,dal,Nestle Cerelac Multigrain Dal Veg Baby Cereal (12 months+),300 g,257,257
158,dal,Chokhi Dhani Moong Dal Halwa Ready to Eat,250 g,125,125
159,dal,Chokhi Dhani Dal Makhani Ready to Eat,300 g,95,95
160,dal,Daawat Rozana Super Basmati Rice + Aashirvaad Select Sharbati Whole Wheat Atta + Tata Sampann Unpolished Arhar Dal/Toor Dal Combo,5kg + 5kg + 1kg,879,759
161,dal,India Gate Broken Mogra Basmati Rice + Aashirvaad Select Sharbati Whole Wheat Atta + Tata Sampann Unpolished Arhar Dal/Toor Dal Combo,5kg + 5kg + 1kg,824,739
162,biscuit,Oreo Original Vanilla Creme Biscuit,120 g,30,30
163,biscuit,Oreo Original Vanilla Creme Biscuit - Pack of 3,3x120 g,90,90
164,biscuit,Parle-G Gold Biscuit,1 kg,115,92
165,biscuit,Parle-G Original Gluco Biscuit,800 g,70,70
166,biscuit,Parle Monaco Light Salty Classic Regular Biscuit - Pack of 2,2x150 g,60,60
167,biscuit,Sunfeast Bounce Tangy Orange Biscuit - Pack of 3,3x82 g,30,27
168,biscuit,McVitie's Digestive Biscuit - Buy 4 Get 1 Free - Brand Offer,5x100 g,80,80
169,biscuit,Britannia Little Hearts Classic Biscuit - Pack of 2,2x37 g,20,20
170,biscuit,Parle Krackjack Sweet & Salty Crackers Biscuit - Pack of 2,2x200 g,60,60
171,biscuit,Britannia Little Hearts Classic Biscuit - Pack of 4,4x37 g,40,40
172,biscuit,Parle Krackjack Sweet & Salty Crackers Biscuit - Pack of 5,5x200 g,150,150
173,biscuit,Britannia Bourbon The Original Biscuit - Buy 4 Get 1 Free - Brand Offer,5x120 g,80,80
174,biscuit,Britannia NutriChoice Digestive Hi Fibre Biscuit - Pack of 5,5x100 g,100,100
175,biscuit,Britannia NutriChoice Digestive Hi Fibre Biscuit - Pack of 2,2x250 g,110,110
176,biscuit,McVitie's Digestive Biscuit,1 kg,159,159
177,biscuit,Parle Krackjack Sweet & Salty Crackers Biscuit,400 g,60,54
178,biscuit,Oreo Choco Creme Biscuit,120 g,30,30
179,biscuit,Sunfeast Farmlite 5 Grain Digestive Biscuit,1 kg,180,160
180,biscuit,Sunfeast Bounce Tasty Choco Creme Biscuit - Pack of 3,3x84 g,30,27
181,biscuit,Sunfeast Bourbon Bliss Biscuit - Pack of 3,3x120 gm,60,48
182,biscuit,Sunfeast Nice Biscuit - Pack of 2,2x150 g,50,45
183,biscuit,Sunfeast Farmlite Digestive All Good Biscuit - Pack of 2,2x100 g,50,50
184,biscuit,Oreo Choco Creme Biscuit - Pack of 8,8x120 g,240,240
185,biscuit,Britannia Little Hearts Classic Biscuit - Pack of 10,10x37 g,100,100
186,biscuit,Oreo Original Vanilla Creme Biscuit - Pack of 8,8x120 g,240,240
187,biscuit,Parle BakeSmith The English Marie Light & Crispy Biscuit - Pack of 2,2x250 g,60,54
188,biscuit,Britannia NutriChoice Digestive Hi Fibre Biscuit - Pack of 10,10x100 g,200,200
189,biscuit,Parle Krackjack Sweet & Salty Crackers Biscuit - Pack of 4,4x75 gm,40,40
190,biscuit,Britannia Marie Gold Biscuit - Pack of 2,2x68 g,20,20
191,biscuit,Britannia Milk Bikis Milk Cream Biscuit - Pack of 2,2x200 g,80,80
192,biscuit,Britannia NutriChoice Hi Fibre Digestive Biscuit,250 g,55,55
193,biscuit,Oreo Choco Creme Biscuit - Pack of 3,3x120 g,90,90
194,biscuit,Britannia Nice Time Coconut Biscuit - Pack of 2,2x150 g,50,50
195,biscuit,McVitie's Digestive Biscuit - Pack of 2,2x100 g,40,40
196,biscuit,Britannia Treat Jim Jam Biscuit - Pack of 2,2x150 g,70,70
197,biscuit,Sunfeast Dark Fantasy Choco Fills Cookie,300 g,120,99
198,biscuit,Sunfeast Dark Fantasy Choco Fills Cookie - Pack of 2,2x75 g,60,53
199,biscuit,Britannia Good Day Cashew Cookie,600 g,105,100
200,biscuit,Britannia Good Day Butter Cookie - Pack of 10,10x63 g,100,100
201,biscuit,Britannia Good Day Butter Cookie - Pack of 4,4x63 g,40,40
202,biscuit,Cadbury Chocobakes Cookie,150 g,60,60
203,biscuit,Grofers Happy Day Crunchy Fruit & Nut Muesli (Carton),500 g,300,274
204,biscuit,Sunfeast Farmlite Oats with Chocolate Cookie - Pack of 2,2x150 g,100,85
205,biscuit,Grofers Happy Day Choco Chip Cookie - Buy 2 Get 1 Free,3x75 g,90,60
206,biscuit,Britannia Pure Magic Chocolush Cookie - Pack of 2,2x75 g,60,60
207,biscuit,HaveMore Tooty Fruity Bakery Cookies,200 g,80,60
208,biscuit,HaveMore Jeera Bakery Cookies,200 g,80,60
209,biscuit,Grofers Happy Day Atta Bakery Cookies,200 g,99,75
210,juice,Real Fruit Power Mixed Fruit Juice - Pack of 2,2x1 l,210,184
211,juice,Real Fruit Power Litchi Juice - Pack of 2,2x1 l,210,182
212,juice,Patanjali Amla Juice,1 l,110,110
213,juice,Real Fruit Power Masala Sugarcane Juice - Pack of 2,2x1 l,210,160
214,juice,Real Activ 100% Apple Juice - Pack of 2,2x1 l,260,206
215,juice,B Natural Mixed Fruit Juice,1 l,105,79
216,juice,Real Masala Pomegranate Juice - Pack of 2,2 x 1 l,220,170
217,juice,Real Fruit Power Mixed Fruit Juice,1 l,105,92
218,juice,Real Fruit Power Cranberry Juice,1 l,110,110
219,juice,Real Fruit Power Orange Juice - Pack of 2,2x1 l,210,184
220,juice,Real Fruit Power Mango Juice,1 l,100,87
221,juice,B Natural Litchi Juice,1 l,105,79
222,juice,Real Masala Pomegranate Juice,1 l,110,85
223,juice,Real Fruit Power Pineapple Juice,1 l,100,100
224,juice,B Natural Apple Juice,1 l,105,79
225,juice,Real Activ 100% Orange Juice - Pack of 2,2x1 l,260,206
226,juice,Real Fruit Power Pomegranate Juice - Pack of 2,2x1 l,220,194
227,juice,B Natural Guava Juice,1 l,105,79
228,juice,Real Fruit Power Mango Juice - Pack of 2,2x1 l,200,174
229,juice,Real Fruit Power Litchi Juice,1 l,105,92
230,juice,Real Activ 100% Mixed Fruit Juice - Pack of 2,2x1 l,260,210
231,juice,Real Fruit Power Mixed Berries Juice,1 l,110,110
232,juice,Real Fruit Power Guava Juice,1 l,100,87
233,juice,Real Fruit Power Orange Juice,1 l,105,92
234,juice,Real Activ 100% Apple Juice,1 l,130,105
235,juice,Real Activ 100% Orange Juice,1 l,130,105
236,juice,Real Activ 100% Mixed Fruit Juice,1 l,130,105
237,juice,Real Fruit Power Pomegranate Juice,1 l,110,97
238,juice,B Natural Dakshin Pink Guava Juice,750 ml,110,110
239,juice,Tropicana Apple Delight Juice,1 l,100,100
240,juice,Tropicana Apple Delight Juice - Pack of 2,2x1 l,200,154
241,juice,Tropicana Litchi Delight Juice - Pack of 2,2x1 l,220,180
242,juice,Tropicana Apple Delight Juice (Bottle),1 l,100,100
243,juice,Tropicana Cranberry Delight Juice,1 l,110,110
244,juice,Tropicana Orange Delight Aseptic Juice - Pack of 2,2x1 l,220,169
245,juice,Tropicana Orange Delight Juice (Bottle),1 l,110,110
246,juice,Tropicana Apple Delight Juice - Pack of 2,2x1 l,200,154
247,juice,Tropicana Cranberry Delight Juice - Pack of 2,2x1 l,220,180
248,juice,B Natural 100% Pomegranate Juice,1 l,199,199
249,juice,Real Fruit Power Guava Juice - Pack of 2,2x1 l,200,174
250,juice,Real Fruit Power Masala Aam Panna Juice,1 l,99,99
251,juice,Real Alphonso Mango Nectar Juice - Pack of 2,2x1 l,240,185
252,juice,B Natural Mixed Fruit Juice - Buy 2 Get 1 Free,3x1 l,315,210
253,juice,Tropicana Guava Delight Juice (Bottle),1 l,100,100
254,juice,B Natural Apple Juice - Buy 2 Get 1 Free,3x1 l,315,210
255,juice,Tropicana Guava Delight Aseptic Juice - Pack of 2,2x1 l,200,154
256,juice,Real Fruit Power Pomegranate Juice - Pack of 6,6x200 ml,120,108
257,juice,B Natural Himalayan Mixed Fruit Juice,750 ml,110,110
258,toothpaste,Colgate Total Advanced Health Toothpaste,185 g,135,135
259,toothpaste,Closeup Everfresh+ Anti-Germ Gel Red Hot Toothpaste,2x150 g,144,130
260,toothpaste,Colgate Strong Teeth Anticavity with Amino Shakti Toothpaste - (With Free Toothbrush),200 g+100 g+1 unit,145,145
261,toothpaste,Pepsodent Germi check Cavity Protection Toothpaste,2x150 g,129,129
262,toothpaste,Colgate Bamboo Charcoal clean and Mint (Black Gel) Toothpaste - Pack of 2,2x120 g,198,188
263,toothpaste,Colgate MaxFresh Peppermint Ice Toothpaste,150 g,92,92
264,toothpaste,Colgate Swarna Vedshakti Toothpaste,200 g,95,95
265,toothpaste,Dabur Red Ayurvedic Gel Toothpaste,2x150 g,160,112
266,toothpaste,Colgate Bamboo Charcoal clean and Mint (Black Gel) Toothpaste,120 g,99,99
267,toothpaste,Colgate Strong Teeth Anticavity with Amino Shakti Toothpaste,500 g,209,195
268,toothpaste,Sensodyne Deep Clean Sensitive Toothpaste,70 g,120,120
269,toothpaste,Closeup Ever Fresh Red Hot Gel Toothpaste - Pack of 2,2x300 g,288,288
270,toothpaste,Colgate MaxFresh Red Spicy Fresh Toothpaste,300 g,164,164
271,toothpaste,Colgate Active Salt Toothpaste,300 g,132,132
272,toothpaste,Sensodyne Fresh Gel Sensitive Toothpaste,130 g,190,190
273,toothpaste,Pepsodent Germicheck 12h Germ Protection Toothpaste,200 g,85,85
274,toothpaste,Colgate Herbal Toothpaste,200 g,100,100
275,toothpaste,Dabur Red Toothpaste,300 g,145,145
276,toothpaste,Pepsodent 2 In 1 Toothpaste,150 g,97,97
277,toothpaste,Colgate Total Advanced Health Toothpaste - Pack of 2,2x185 g,270,243
278,toothpaste,Sensodyne Fresh Mint Sensitive Toothpaste - Buy 2 Get 1 Free,3x150 g,380,380
279,toothpaste,Sensodyne Fresh Gel Sensitive Toothpaste - Buy 2 Get 1 Free,3x150 g,380,380
280,toothpaste,Colgate MaxFresh Peppermint Ice Toothpaste - Pack of 4,4x150 g,368,350
281,toothpaste,Colgate Swarna Vedshakti Toothpaste - Pack of 2,2x200 gm,190,177
282,toothpaste,Dabur Meswak Toothpaste - Pack of 3 - Brand Offer,3x200 g,270,211
283,toothpaste,Dabur Red Toothpaste - Buy 3 Get 1 Free,4x200 g,285,243
284,toothpaste,Dabur Babool Clove Power Toothpaste,2x175 g,90,90
285,toothpaste,Colgate MaxFresh Red Spicy Fresh Toothpaste - Pack of 2,2x300 g,328,295
286,toothpaste,Colgate Barbie Strawberry Baby Toothpaste,80 g,86,86
287,soap,Pears Pure & Gentle Bathing Bar Soap - Pack of 3,3x125 g,150,150
288,soap,Dove Cream Beauty Bathing Bar Soap - Pack of 3,3x100 g,160,160
289,soap,Pears Soft & Fresh Soap - Buy 3 Get 1 Free - Brand Offer,4x125 g,180,135
290,soap,Lux Soft Touch French Rose and Almond Oil Soap,3x150 g,114,97
291,soap,Godrej No.1 Coconut & Neem Soap - Buy 3 Get 1 Free - Brand Offer,4x150 g,102,100
292,soap,Godrej No.1 Lime & Aloe Vera Soap,9x150 g,299,255
293,soap,Godrej No.1 Sandal & Turmeric Soap,9x150 g,299,255
294,soap,Vivel Aloe Vera Soap,4x150 g,174,129
295,soap,Dove Cream Beauty Bathing Soap - Pack of 8 - Brand Offer,8x100 g,536,380
296,soap,O'range Cream Soap - Pack of 5,5x100 g,250,223
297,soap,Johnson's Blossoms Baby Soap,75 g,55,55
298,soap,Dove Pink/Rosa Beauty Soap,3x100 g,155,155
299,soap,Dettol Original Soap,125  g,50,50
300,soap,Santoor Sandal & Turmeric Soap,8x125 g,300,250
301,soap,O'range Sandalwood Turmeric Soap - Pack of 3,3x125 g,105,94
302,soap,O'range Acti Protect Soap - Pack of 5,5x125 g,250,133
303,soap,Dettol Cool with Crispy Menthol Soap,125 g,50,50
304,soap,O'range Floral Blossom Soap - Pack of 5,5x100 g,140,119
305,soap,O'range Glycerine Soap - Pack of 3,3x125g,150,135
306,soap,O'range Panch Tattva Soap - Pack of 3,3x125 g,120,94
307,soap,O'range Sandalwood Turmeric (125 g) Soap - Pack of 5,5x125 g,175,157
308,soap,O'range Panch Tattva (125 g) Soap - Pack of 5,5x125 g,200,156
309,soap,Johnson's Baby Soap - Buy 3 Get 1 Free - Brand Offer,4x150 g,255,255
310,soap,Dettol Skin Care Soap,125g,50,50
311,soap,Chandrika Glycerine Soap,6x125 g,402,290
312,soap,Johnson's Baby Soap,100 g,62,59
313,soap,Fiama Di Wills Soap (Celebration Pack),5x125 g,240,216
314,soap,Dove Cream Beauty Bathing Bar (3(3x100) g) Soap - Pack of 3,3(3x100) g,480,403
315,soap,Johnson's Milk Baby Soap,75 g,50,50
316,soap,Dettol Original Handwash (Refill) - Pack of 3 (3x750 ml),3x750 ml,327,326
317,soap,Dettol Original Handwash (Refill),750 ml,109,109
318,soap,Savlon Herbal Sensitive pH balanced Liquid Handwash,500 ml,99,99
319,soap,Dettol Original Handwash (Pump),200 ml,79,79
320,soap,O'range Germ Protection Handwash (Pump),250 ml,75,59
321,soap,Dettol Skin Care Handwash (Refill),750 ml,109,109
322,soap,SaveMore Handwash,750 ml,79,69
323,soap,Dettol Original Handwash (Mega Saver),1.5 l,209,209
324,soap,Patanjali Anti-Bacterial Herbal Handwash (Refill),200 ml,45,45
325,soap,Godrej Protekt Master Blaster Handwash (Refill),750 ml,115,106
326,soap,Godrej Protekt Masterchef's Handwash (Refill),750 ml,115,106
327,soap,Dettol Original Handwash (Jar),900 ml,149,149
328,soap,Dettol Skin Care Handwash (Jar),900 ml,149,149
329,soap,Godrej Protekt Master Blaster Handwash (Refill) - Pack of 2,2x750 ml,230,207
330,soap,Palmolive Deep Cleansing Sea Minerals Handwash (Pump),250 ml,99,99
331,soap,Lifebuoy Total 10 Germ Protection Handwash (Pump) - With Refill Pouch 185 ml Free,190 ml,85,85
332,chocolates,Cadbury Dairy Milk Silk Oreo Chocolate,130 g,170,157
333,chocolates,Cadbury Dairy Milk Home Treats Chocolate,126 g,149,127
334,chocolates,KitKat Share Bag Chocolate,126 g,100,85
335,chocolates,KitKat Chocolate - Pack of 2,2x37 g,50,50
336,chocolates,Nestle Munch Nuts Share Bag Chocolate,264 g,150,128
337,chocolates,Cadbury Gems Chocolate - Pack of 6,6x21.36 g,60,60
338,chocolates,KitKat Dessert Delight Truffle Chocolate,50 g,50,50
339,chocolates,Cadbury Dairy Milk Chocolate - Pack of 2,2x50 g,80,80
340,chocolates,KitKat Dessert Delight Brownie Kubes Dark Chocolate Bar,50 g,60,60
341,chocolates,Hershey's Almond Chocolate Spread,300 g,275,262
342,chocolates,Cadbury Dairy Milk Spready Chocolate Spread,200 g,200,200
343,chocolates,Cadbury Bournvita Chocolate Health Drink (Refill),2x1 kg,710,660
344,chocolates,Grofers Happy Day Active Chocolate Health Drink,750 g,299,230
345,chocolates,Protinex Tasty Chocolate Flavour Acti Pro 5 Health Drink (Tin),400 g,550,550
346,chocolates,Protinex Tasty Chocolate Flavour Acti Pro 5 Health Drink,750 g,950,950
347,chocolates,Complan Royale Chocolate Nutrition and Health Drink (Carton),1 kg,530,450
348,chocolates,PediaSure Premium Chocolate Health Drink (Refill),1 kg,1240,1240
349,chocolates,Cadbury Bournvita Chocolate Health Drink (Jar),1 kg,410,410
350,chocolates,Cadbury 5 Star Chocolate - Pack of 4,4x40 g,80,80
351,chocolates,Horlicks Protein+Chocolate Health Drink (Jar),400 g,535,495
352,chocolates,Cadbury Dairy Milk Silk Home Treats Chocolate,162 g,200,200
353,chocolates,Cadbury 5 Star Home Treat Chocolate,200 g,149,149
354,chocolates,Cadbury Dairy Milk Roast Almond Chocolate - Pack of 2,2x36 g,90,84
355,chocolates,Cadbury Dairy Milk Silk Oreo Red Velvet Chocolate,130 g,170,157
356,chocolates,Cadbury Dairy Milk Silk Chocolate,150 g,160,141
357,chocolates,Cadbury Dairy Milk Silk Oreo Chocolate - Pack of 2,2x60 gm,160,160
358,chocolates,Hershey's Kisses Almonds Chocolate,100 g,140,126
359,chocolates,Snickers Duos Chocolate,2x40 g,100,80
360,chocolates,Cadbury Bournville Rich Cocoa 50% Dark Chocolate,80 g,100,100
361,chocolates,Grofers Happy Day Chocolate Cream Wafer,75 g,45,30
362,chocolates,Cadbury Dairy Milk Silk Fruit & Nut Chocolate,137 g,160,148
363,chocolates,Cadbury Bournvita Women Chocolate Health Drink (Jar),400 g,275,275
364,chocolates,Mars Bar Chocolate - Pack of 2,2x51 g,80,80
365,chocolates,Bounty Chocolate - Pack of 2,2x57 g,100,100
366,chocolates,PediaSure Premium Chocolate Health Drink (Jar),400 g,580,580
367,chocolates,Snickers Chocolate - Pack of 2,2x50 g,80,76
368,chocolates,Cadbury Dairy Milk Crackle Chocolate - Pack of 2,2x36 g,90,84
369,chocolates,Cadbury 5 Star Chocolate - Pack of 3,3x40 gm,60,60
370,chocolates,Cadbury Dairy Milk Fruit & Nut Chocolate - Pack of 2,2x36 g,90,84
371,chocolates,SimMom IQ+ Premium Chocolate Health Drink (Refill),400 g,460,460
372,chocolates,Cadbury Nutties Chocolate - Pack of 2,2x30 g,80,80
373,chocolates,KitKat Chocolate - Pack of 3,3x37 gm,75,75
374,chocolates,Horlicks Protein+Chocolate Health Drink (Jar) - Pack of 2,2x400 g,1070,950
375,chocolates,Hershey's Kisses Milk Chocolate,108 g,140,126
376,chocolates,Hershey's Kisses Cookies n Creme Chocolate,100.8 g,140,126
377,chocolates,"Horlicks Chocolate Delight, Health & Nutrition Drink",750 g,292,262
378,chocolates,Grofers Happy Day Crunchy Peanut Butter,340 g,159,128
379,chocolates,Fun Foods Creamy Peanut Butter,925 g,275,275
380,shampoo,Clinic Plus Strong & Long Health Shampoo,650 ml,288,260
381,shampoo,Jokuse T N F Green Tea with Pump Shampoo,500 ml,280,169
382,shampoo,Head & Shoulders Anti Hairfall Anti Dandruff Shampoo,650 ml,550,483
383,shampoo,Sunsilk Stunning Black Shine Shampoo,650 ml,310,279
384,shampoo,Sunsilk Lusciously Thick & Long Shampoo,650 ml,365,329
385,shampoo,Tresemme Hair Fall Defense Shampoo,185 ml,120,120
386,shampoo,Park Avenue Shiny & Bouncy Beer Shampoo,190 ml,155,117
387,shampoo,Tresemme Nourish & Replenish Shampoo,580 ml,465,372
388,shampoo,Head & Shoulders Active Protect 2-in-1 Shampoo & Conditioner,650 ml,690,656
389,shampoo,Head & Shoulders Smooth & Silky Anti Dandruff Shampoo,650 ml,550,523
390,shampoo,Himalaya Gentle Baby Shampoo,400 ml,300,266
391,shampoo,Tresemme Keratin Smooth Shampoo,580 ml,465,372
392,shampoo,Dove Hair Therapy Hair Fall Rescue Shampoo,650 ml,500,400
393,shampoo,Dabur Vatika Health Power of 7 Natural Ingredients Shampoo,640 ml,380,247
394,shampoo,Dove Intense Repair Shampoo,1 l,555,500
395,shampoo,Envie Conditioner Shampoo,250 ml,92,45
396,shampoo,Sunsilk Long & Healthy Growth with Biotin Shampoo,340 ml,180,153
397,shampoo,Johnson's No More Tears Baby Shampoo,475 ml,360,342
398,shampoo,Pantene Advanced Hair Fall Solution and Control Shampoo,650 ml,500,475
399,shampoo,Dove Hair Fall Rescue Shampoo,1 l,555,500
400,shampoo,Tresemme Hair Fall Defense Shampoo,580 ml,445,356
401,shampoo,Dove Hair Therapy Daily Shine Shampoo,650 ml,500,400
402,shampoo,Head & Shoulders Cool Menthol Anti Dandruff Shampoo,650 ml,550,523
403,shampoo,L'Oreal Paris Extraordinary Clay Shampoo,396 ml,282,282
404,shampoo,Johnson's Active Kids Shiny Drop with Argan Oil Shampoo,100 ml,100,100
405,shampoo,L'Oreal Paris Total Repair 5 Ceramide-Cement Repairing Shampoo,396 ml,265,265
406,shampoo,L'Oreal Paris 6 Oil Nourish Shampoo,360 ml,265,265
407,shampoo,"Herbal Essences Argan Oil for Repair, 400 ml| No Parabens, No Colourants Shampoo",400 ml,600,480
408,shampoo,Dove Advanced Hair Series Oxygen Moisture Shampoo,650 ml,530,424
409,shampoo,Dabur Intense Nourishment Almond Shampoo,650 ml,450,338
410,shampoo,"Herbal Essences White Strawberry & Sweet Mint for Volume, 400ml | No Parabens, No Colourants Shampoo",400 ml,600,480
411,shampoo,Sunsilk Nourishing Soft & Smooth Shampoo,650 ml,310,279
412,shampoo,Dove Advanced Hair Series Rejuvenated Volume Shampoo,240 ml,260,260
413,shampoo,Dove Hair Therapy Intense Repair Shampoo,650 ml,450,360
414,shampoo,Johnson's Active Kids Clean & Fresh Shampoo,100 ml,100,100
415,shampoo,Dabur Vatika Naturals Damage Therapy 10 Poshan Ayurvedic Shampoo,640 ml,400,300
416,shampoo,Himalaya Gentle Baby Shampoo + Baby Wash + Baby Powder Combo,400ml + 400ml + 400g,745,499
417,drinks,Tang Orange Instant Drink Mix,750 g,210,189
418,drinks,Cadbury Bournvita Chocolate Health Drink (Refill),2x1 kg,710,660
419,drinks,Grofers Happy Day Active Chocolate Health Drink,750 g,299,230
420,drinks,Protinex Tasty Chocolate Flavour Acti Pro 5 Health Drink (Tin),400 g,550,550
421,drinks,Protinex Tasty Chocolate Flavour Acti Pro 5 Health Drink,750 g,950,950
422,drinks,Complan Royale Chocolate Nutrition and Health Drink (Carton),1 kg,530,450
423,drinks,PediaSure Premium Chocolate Health Drink (Refill),1 kg,1240,1240
424,drinks,Cadbury Bournvita Chocolate Health Drink (Jar),1 kg,410,410
425,drinks,Coca-Cola Soft Drink (Bottle),600 ml,40,35
426,drinks,Thums Up Soft Drink (Bottle),600 ml,40,35
427,drinks,Limca Lime 'N' Lemon Soft Drink (Bottle),600 ml,40,35
428,drinks,"Horlicks Chocolate Delight, Health & Nutrition Drink",750 g,292,262
429,drinks,"Horlicks Classic Malt, Health & Nutrition Drink (Refill) - 750 g",750 g,330,305
430,drinks,Appy Fizz Soft Drink (Can) - Buy 4 Get 2 Free,6x250 ml,150,100
431,drinks,Mountain Dew Grip Soft Drink (Bottle) - Pack of 2,2x600 ml,80,74
432,drinks,7UP Nimbooz Masala Soft Drink (Bottle),500 ml,35,35
433,drinks,Pepsi Soft Drink (Bottle),2.25 l,90,83
434,drinks,7UP Nimbooz Soft Drink (Bottle),350 ml,20,20
435,drinks,Protinex Original Health Drink,400 g,595,535
436,drinks,Complan Kesar Badam Nutrition and Health Drink (Carton),500 g,315,300
437,drinks,"Junior Horlicks Chocolate Stage 1, Health & Nutrition Drink (Jar)",500 g,288,288
438,drinks,"Women's Horlicks Caramel, Health & Nutrition Drink (Jar)",400 g,299,279
439,drinks,Horlicks Protein+Chocolate Health Drink (Jar),400 g,535,495
440,drinks,"Horlicks Classic Malt, Health & Nutrition Drink (Jar)",500 g,242,242
441,drinks,Protinex Original Acti Pro 5 Health Drink,750 g,990,990
442,drinks,Boost 3x Stamina Health Drink (Refill),750 g,351,326
443,drinks,Protinex Vanilla Health Drink,400 g,550,490
444,drinks,Coca-Cola Soft Drink (Can),300 ml,35,35
445,drinks,Pepsi Swag Soft Drink (Can) - Buy 5 Get 1 Free,6x250 ml,180,150
446,drinks,Horlicks Royal Kesar Badam Health Drink (Carton),400 g,263,263
447,drinks,7UP Soft Drink (Can),250 ml,30,30
448,drinks,Pepsi Soft Drink (Bottle) - Pack of 2,2x600 ml,80,74
449,drinks,Cadbury Bournvita Women Chocolate Health Drink (Jar),400 g,275,275
450,drinks,Mountain Dew Grip Soft Drink (Bottle),600 ml,40,40
451,drinks,Mountain Dew Soft Drink (Bottle),2.25 lt,90,83
452,drinks,Pepsi Diet Soft Drink (Can),250 ml,30,30
453,drinks,Pepsi Diet Soft Drink (Can) - Buy 5 Get 1 Free,6x250 ml,180,150
454,drinks,Mountain Dew Soft Drink (Can) - Buy 5 Get 1 Free,6x250 ml,180,150
455,drinks,7UP Soft Drink (Can) - Buy 5 Get 1 Free,6x250 ml,180,150
456,drinks,Pepsi Swag Soft Drink (Can),250 ml,30,30
457,drinks,PediaSure Vanilla Delight Health Drink (Refill),1 kg,1240,1240
458,drinks,Complan Pista Badam Nutrition and Health Drink (Carton),500 g,315,300
459,drinks,Nestle Milo Active Go Health Drink,400 g,215,162
460,drinks,Pepsi Black Slim Soft Drink (Can),250 ml,30,30
461,drinks,Nestle Milo Active Go Health Drink - Buy 2 Get 1 Free,3x400 g,645,430
462,drinks,Mountain Dew Soft Drink (Can),250 ml,30,30
463,drinks,Ensure Vanilla Health Drink (Tin),400 g,565,565
464,drinks,PediaSure Premium Chocolate Health Drink (Jar),400 g,580,580
